Category	Term	Count	%	PValue	Genes	List Total	Pop Hits	Pop Total	Fold Enrichment	Bonferroni	Benjamini	FDR
GOTERM_BP_DIRECT	GO:0009399~nitrogen fixation	38	0.6600660066006601	0.09891612893419569	SMA0827, SMA0829, SMA0825, SMA1210, SMC01043, SMA1391, SMC02352, SMC01042, SMC01124, SMA0822, SMA1211, SMC02613, SMA0816, SMA0817, SMC00947, SMC00729, SMA1209, SMC00948, SMC00728, SMA1208, SMA0834, SMA0814, SMA0815, SM_B20745, SMC01594, SMA1227, SMA0831, SMA0830, SMC01973, SMA1229, SMA0810, SMC00762, SMA0811, SMA1223, SMC01139, SMA0873, SMA1225, SMA1389	1819	38	2016	1.1083012644310062	1.0	1.0	1.0
