Category	Term	Count	%	PValue	Genes	List Total	Pop Hits	Pop Total	Fold Enrichment	Bonferroni	Benjamini	FDR
GOTERM_MF_DIRECT	GO:0019843~rRNA binding	19	4.738154613466334	2.575332944470594E-13	SMC01308, SMC01307, SMC01309, SMC01290, SMC01292, SMC01294, SMC01293, SMC01296, SMC04454, SMC01295, SMC01298, SMC01287, SMC01300, SMC01299, SMC01302, SMC01304, SMC01303, SMC01306, SMC01305	213	36	3453	8.555946791862285	4.404476783292921E-11	4.403819335044716E-11	4.403819335044716E-11
GOTERM_MF_DIRECT	GO:0003735~structural constituent of ribosome	22	5.486284289276807	7.491186695750793E-13	SMC01308, SMC01319, SMC01307, SMC01318, SMC03859, SMC01309, SMC01290, SMC01292, SMC01294, SMC01293, SMC01296, SMC01295, SMC01298, SMC01287, SMC01300, SMC01299, SMC01321, SMC01302, SMC01304, SMC01303, SMC01306, SMC01305	213	53	3453	6.729205421206484	1.2809053817619542E-10	6.404964624866929E-11	6.404964624866929E-11
GOTERM_MF_DIRECT	GO:0020037~heme binding	9	2.2443890274314215	0.011391307505477956	SMA1232, SMA1220, SMC00086, SMC02464, SMA1216, SMC02124, SMA1191, SMA0766, SMA1213	213	51	3453	2.860811930405965	0.8590137916040094	0.5239725843079114	0.5239725843079114
GOTERM_MF_DIRECT	GO:0042626~ATPase activity, coupled to transmembrane movement of substances	17	4.239401496259352	0.012256668638781552	SMC02508, SMC02506, SMC02507, SM_B21344, SM_B20941, SM_B20478, SM_B21206, SMC03065, SMC00590, SM_B20937, SMC00185, SMC04454, SMC02474, SMC00175, SMA1864, SMC01235, SMC01499	213	142	3453	1.9407855584209484	0.8786213863978979	0.5239725843079114	0.5239725843079114
GOTERM_MF_DIRECT	GO:0005524~ATP binding	38	9.476309226932669	0.03873497724673683	SM_B21183, SMC00913, SM_B21344, SM_B21566, SM_B20652, SM_B21523, SM_B20478, SM_B21206, SMC04282, SMC03065, SMC04011, SMC00590, SMC00493, SMC04454, SMC02376, SMC02474, SMC00175, SMC02433, SMC00475, SMC01288, SMA0744, SMC00059, SMA0745, SMC02508, SM_B20363, SM_B22023, SM_B20941, SMC00090, SMC01192, SM_B20937, SMA2331, SMC00185, SMA1864, SMC02325, SMC01499, SMC01235, SMC01279, SMC01215	213	454	3453	1.356890240119129	0.9988353995573321	1.0	1.0
GOTERM_MF_DIRECT	GO:0051082~unfolded protein binding	4	0.997506234413965	0.050241033548344145	SM_B21183, SMC00913, SM_B21566, SMA0744	213	14	3453	4.631790744466801	0.9998514434529291	1.0	1.0
GOTERM_MF_DIRECT	GO:0004129~cytochrome-c oxidase activity	4	0.997506234413965	0.0942167641351027	SMA1220, SM_B21487, SM_B21489, SMC01985	213	18	3453	3.6025039123630673	0.9999999552130352	1.0	1.0
