Category	Term	Count	%	PValue	Genes	List Total	Pop Hits	Pop Total	Fold Enrichment	Bonferroni	Benjamini	FDR
UP_KW_MOLECULAR_FUNCTION	KW-0699~rRNA-binding	20	4.987531172069826	1.5522575513890684E-13	SMC01308, SMC01319, SMC01307, SMC01309, SMC01290, SMC01292, SMC01294, SMC01293, SMC01296, SMC01295, SMC01298, SMC01287, SMC01300, SMC01299, SMC01321, SMC01302, SMC01304, SMC01303, SMC01306, SMC01305	161	38	2425	7.927427263811704	5.897948796018682E-12	5.89857869527846E-12	5.89857869527846E-12
UP_KW_MOLECULAR_FUNCTION	KW-0689~Ribosomal protein	22	5.486284289276807	8.156206875339239E-12	SMC01308, SMC01319, SMC01307, SMC01318, SMC03859, SMC01309, SMC01290, SMC01292, SMC01294, SMC01293, SMC01296, SMC01295, SMC01298, SMC01287, SMC01300, SMC01299, SMC01321, SMC01302, SMC01304, SMC01303, SMC01306, SMC01305	161	56	2425	5.917258207630879	3.099376311155311E-10	1.0331195375429702E-10	1.0331195375429702E-10
UP_KW_MOLECULAR_FUNCTION	KW-0687~Ribonucleoprotein	22	5.486284289276807	8.156206875339239E-12	SMC01308, SMC01319, SMC01307, SMC01318, SMC03859, SMC01309, SMC01290, SMC01292, SMC01294, SMC01293, SMC01296, SMC01295, SMC01298, SMC01287, SMC01300, SMC01299, SMC01321, SMC01302, SMC01304, SMC01303, SMC01306, SMC01305	161	56	2425	5.917258207630879	3.099376311155311E-10	1.0331195375429702E-10	1.0331195375429702E-10
UP_KW_MOLECULAR_FUNCTION	KW-0694~RNA-binding	22	5.486284289276807	2.6464157606856107E-11	SMC01308, SMC01319, SMC01307, SMC01309, SMC01290, SMC01292, SMC01294, SMC01293, SMC01296, SMC04454, SMC01295, SMC01298, SMC01287, SMC01300, SMC00475, SMC01299, SMC01321, SMC01302, SMC01304, SMC01303, SMC01306, SMC01305	161	59	2425	5.616380671649647	1.0056382393486274E-9	2.51409497265133E-10	2.51409497265133E-10
UP_KW_MOLECULAR_FUNCTION	KW-0143~Chaperone	7	1.7456359102244388	0.018746659716416834	SM_B21183, SMC00913, SM_B22023, SMC02433, SM_B21566, SMA0744, SMA0745	161	33	2425	3.194993412384717	0.512826530766213	0.14247461384476792	0.14247461384476792
