Category	Term	Count	%	PValue	Genes	List Total	Pop Hits	Pop Total	Fold Enrichment	Bonferroni	Benjamini	FDR
PFAM	PF00118:TCP-1/cpn60 chaperonin family	3	0.7481296758104738	0.032949778868141356	SMC00913, SM_B21566, SMA0744	288	5	4693	9.777083333333332	0.9999711532483555	1.0	1.0
PFAM	PF00009:Elongation factor Tu GTP binding domain	4	0.997506234413965	0.03296586525335438	SM_B20049, SMC01326, SMC00090	288	12	4693	5.431712962962963	0.9999713025752557	1.0	1.0
PFAM	PF00528:Binding-protein-dependent transport system inner membrane component	18	4.488778054862843	0.03580878282883583	SM_B20282, SMC02517, SM_B20571, SM_B20477, SM_B20478, SM_B20327, SM_B20326, SMC03062, SMA1363, SMC03063, SMC02871, SMC02830, SMC01498, SMC01497, SMC02872, SMA1437, SMC01634, SMC02516	288	174	4693	1.6857040229885056	0.9999885472598931	1.0	1.0
