Category	Term	Count	%	PValue	Genes	List Total	Pop Hits	Pop Total	Fold Enrichment	Bonferroni	Benjamini	FDR
SUPFAM	SSF50447:Translation proteins	5	1.2468827930174564	0.0101127661864422	SMC01309, SMC00475, SMC01326, SMC00090	228	14	3517	5.509085213032582	0.8168462556627375	1.0	1.0
SUPFAM	SSF48592:GroEL equatorial domain-like	3	0.7481296758104738	0.03642543357788419	SMC00913, SM_B21566, SMA0744	228	5	3517	9.255263157894737	0.9979636622149849	1.0	1.0
SUPFAM	SSF52029:GroEL apical domain-like	3	0.7481296758104738	0.03642543357788419	SMC00913, SM_B21566, SMA0744	228	5	3517	9.255263157894737	0.9979636622149849	1.0	1.0
SUPFAM	SSF54849:GroEL-intermediate domain like	3	0.7481296758104738	0.03642543357788419	SMC00913, SM_B21566, SMA0744	228	5	3517	9.255263157894737	0.9979636622149849	1.0	1.0
SUPFAM	SSF50465:EF-Tu/eEF-1alpha/eIF2-gamma C-terminal domain	3	0.7481296758104738	0.05234439047420984	SMC01326, SMC00090	228	6	3517	7.712719298245614	0.9998739218591857	1.0	1.0
SUPFAM	SSF161098:MetI-like	18	4.488778054862843	0.056237946724362456	SM_B20282, SMC02517, SM_B20571, SM_B20477, SM_B20478, SM_B20327, SM_B20326, SMC03062, SMA1363, SMC03063, SMC02871, SMC02830, SMC01498, SMC01497, SMC02872, SMA1437, SMC01634, SMC02516	228	175	3517	1.5866165413533835	0.9999366072805665	1.0	1.0
SUPFAM	SSF47240:Ferritin-like	3	0.7481296758104738	0.07022295237420502	SM_B21640, SMA1178, SM_B21638	228	7	3517	6.610902255639098	0.9999947608224967	1.0	1.0
