Category	Term	Count	%	PValue	Genes	List Total	Pop Hits	Pop Total	Fold Enrichment	Bonferroni	Benjamini	FDR
GOTERM_MF_DIRECT	GO:0003735~structural constituent of ribosome	15	10.135135135135135	3.238639562731884E-12	SMC01308, SMC01319, SMC03859, SMC01290, SMC01292, SMC01294, SMC01296, SMC01295, SMC01300, SMC01299, SMC01321, SMC01302, SMC00565, SMC01306, SMC01305	79	53	3453	12.370432290422738	2.6880642156612566E-10	2.688070837067464E-10	2.688070837067464E-10
GOTERM_MF_DIRECT	GO:0019843~rRNA binding	12	8.108108108108109	1.451277312690024E-10	SMC01308, SMC01292, SMC01294, SMC01296, SMC01295, SMC01300, SMC01299, SMC01302, SMC00565, SMC01306, SMC01290, SMC01305	79	36	3453	14.569620253164556	1.204559796352811E-8	6.0228008476636E-9	6.0228008476636E-9
GOTERM_MF_DIRECT	GO:0051082~unfolded protein binding	3	2.027027027027027	0.038458412084151516	SMC00913, SM_B21566, SMA0744	79	14	3453	9.36618444846293	0.9614210822217404	0.7415923278961001	0.7415923278961001
GOTERM_MF_DIRECT	GO:0097266~phenylacetyl-CoA 1,2-epoxidase activity	2	1.3513513513513513	0.04467423662024699	SM_B21639, SM_B21640	79	2	3453	43.708860759493675	0.9774797258914264	0.7415923278961001	0.7415923278961001
GOTERM_MF_DIRECT	GO:0070180~large ribosomal subunit rRNA binding	2	1.3513513513513513	0.04467423662024699	SMC01319, SMC01321	79	2	3453	43.708860759493675	0.9774797258914264	0.7415923278961001	0.7415923278961001
GOTERM_MF_DIRECT	GO:0005524~ATP binding	16	10.81081081081081	0.07995416882918517	SMC00913, SM_B22023, SM_B21344, SM_B21566, SM_B20941, SMC04282, SMC01192, SMC00493, SMC00185, SMC02376, SMC00175, SMC01288, SMA0744, SMC00059, SMC01235, SMC01215	79	454	3453	1.5404003791892042	0.9990087451341808	1.0	1.0
