Category	Term	Count	%	PValue	Genes	List Total	Pop Hits	Pop Total	Fold Enrichment	Bonferroni	Benjamini	FDR
UP_KW_MOLECULAR_FUNCTION	KW-0699~rRNA-binding	14	9.45945945945946	9.447252239696015E-12	SMC01308, SMC01319, SMC01290, SMC01292, SMC01294, SMC01296, SMC01295, SMC01300, SMC01299, SMC01321, SMC01302, SMC00565, SMC01306, SMC01305	71	38	2425	12.583395107487027	2.6452218193639965E-10	2.6452306271148845E-10	2.456285582320964E-10
UP_KW_MOLECULAR_FUNCTION	KW-0689~Ribosomal protein	15	10.135135135135135	1.6539827080945712E-10	SMC01308, SMC01319, SMC03859, SMC01290, SMC01292, SMC01294, SMC01296, SMC01295, SMC01300, SMC01299, SMC01321, SMC01302, SMC00565, SMC01306, SMC01305	71	56	2425	9.148641851106639	4.631151018230639E-9	1.5437171942215998E-9	1.4334516803486282E-9
UP_KW_MOLECULAR_FUNCTION	KW-0687~Ribonucleoprotein	15	10.135135135135135	1.6539827080945712E-10	SMC01308, SMC01319, SMC03859, SMC01290, SMC01292, SMC01294, SMC01296, SMC01295, SMC01300, SMC01299, SMC01321, SMC01302, SMC00565, SMC01306, SMC01305	71	56	2425	9.148641851106639	4.631151018230639E-9	1.5437171942215998E-9	1.4334516803486282E-9
UP_KW_MOLECULAR_FUNCTION	KW-0694~RNA-binding	14	9.45945945945946	4.411779752851126E-9	SMC01308, SMC01319, SMC01290, SMC01292, SMC01294, SMC01296, SMC01295, SMC01300, SMC01299, SMC01321, SMC01302, SMC00565, SMC01306, SMC01305	71	59	2425	8.104559560754355	1.2352982481367292E-7	3.088245826995788E-8	2.8676568393532322E-8
UP_KW_MOLECULAR_FUNCTION	KW-0143~Chaperone	4	2.7027027027027026	0.06780233327092504	SMC00913, SM_B22023, SM_B21566, SMA0744	71	33	2425	4.139991463935126	0.8599689569014386	0.3796930663171802	0.35257213300881024
