Category	Term	Count	%	PValue	Genes	List Total	Pop Hits	Pop Total	Fold Enrichment	Bonferroni	Benjamini	FDR
PFAM	PF00118:TCP-1/cpn60 chaperonin family	3	2.027027027027027	0.004656607396129845	SMC00913, SM_B21566, SMA0744	105	5	4693	26.817142857142855	0.4497804208115479	0.5960457467046202	0.5960457467046202
PFAM	PF03143:Elongation factor Tu C-terminal domain	2	1.3513513513513513	0.04383485298287491	SMC01326	105	2	4693	44.6952380952381	0.9967773556001844	1.0	1.0
PFAM	PF07977:FabA-like domain	2	1.3513513513513513	0.06503314232194293	SMC04277, SMC02092	105	3	4693	29.796825396825398	0.9998172254573199	1.0	1.0
PFAM	PF00011:Hsp20/alpha crystallin family	2	1.3513513513513513	0.08576588287570296	SM_B21294, SMC04040	105	4	4693	22.34761904761905	0.9999896402258205	1.0	1.0
