Category	Term	Count	%	PValue	Genes	List Total	Pop Hits	Pop Total	Fold Enrichment	Bonferroni	Benjamini	FDR
UP_SEQ_FEATURE	REGION:Disordered	24	16.216216216216218	0.005630642694427404	SMC01308, SINMEB_1263, SMC03859, SMC01419, SM_B21640, SMC02060, SMC01290, SMC01030, SMC01032, SMC01790, SMC02098, SMC01275, SMC01374, SMC01432, SMC01563, SMC02553, SMC00059, SMC00565, SMC04225, SMC02445, SMC00776, SMC01215, SMC01306, SMC01547	94	629	4348	1.7649088387511416	0.5948300714679562	0.9009028311083846	0.9009028311083846
UP_SEQ_FEATURE	BINDING:ATP	5	3.3783783783783785	0.01612985882420033	SMC01192, SMC00913, SM_B21566, SMC01288, SMA0744	94	46	4348	5.027752081406105	0.9258613105542144	1.0	1.0
UP_SEQ_FEATURE	BINDING:ATP; via amide nitrogen	3	2.027027027027027	0.021956607845303434	SMC00913, SM_B21566, SMA0744	94	11	4348	12.615087040618956	0.9713384469141924	1.0	1.0
UP_SEQ_FEATURE	NP_BIND:FAD	3	2.027027027027027	0.03966357286470514	SMC02053, SMC00154, SMC02599	94	15	4348	9.251063829787233	0.9984592065325805	1.0	1.0
UP_SEQ_FEATURE	ACT_SITE:Nucleophile	4	2.7027027027027026	0.07057067192504637	SMC01903, SMC00493, SMC04282, SMC01206	94	45	4348	4.1115839243498815	0.9999917847724289	1.0	1.0
UP_SEQ_FEATURE	DOMAIN:SHSP	2	1.3513513513513513	0.0828782138894575	SM_B21294, SMC04040	94	4	4348	23.127659574468083	0.9999990265321153	1.0	1.0
