Category	Term	Count	%	PValue	Genes	List Total	Pop Hits	Pop Total	Fold Enrichment	Bonferroni	Benjamini	FDR
SUPFAM	SSF52029:GroEL apical domain-like	3	2.027027027027027	0.005763154996683272	SMC00913, SM_B21566, SMA0744	88	5	3517	23.979545454545452	0.38461389109113897	0.16136833990713162	0.16136833990713162
SUPFAM	SSF48592:GroEL equatorial domain-like	3	2.027027027027027	0.005763154996683272	SMC00913, SM_B21566, SMA0744	88	5	3517	23.979545454545452	0.38461389109113897	0.16136833990713162	0.16136833990713162
SUPFAM	SSF54849:GroEL-intermediate domain like	3	2.027027027027027	0.005763154996683272	SMC00913, SM_B21566, SMA0744	88	5	3517	23.979545454545452	0.38461389109113897	0.16136833990713162	0.16136833990713162
SUPFAM	SSF49764:HSP20-like chaperones	2	1.3513513513513513	0.09537579992323161	SM_B21294, SMC04040	88	4	3517	19.982954545454547	0.9997795404407545	1.0	1.0
