Category	Term	Count	%	PValue	Genes	List Total	Pop Hits	Pop Total	Fold Enrichment	Bonferroni	Benjamini	FDR
SUPFAM	SSF55811:Nudix	13	0.34058160859313596	0.04261628855221923	61602242, 61602561, 61602393, 61601066, 61602638, 61602759, 61603826, 61603508, 61603219, 61603836, 61604627, 61601707, 61604085	2128	14	3517	1.5346737379162192	0.999999999943943	1.0	1.0
SUPFAM	SSF55729:Acyl-CoA N-acyltransferases (Nat)	38	0.9955462405030129	0.04906208402580389	61602384, 61602660, 61604342, 61604682, 61602267, 61602444, 61601872, 61603310, 61603832, 61601753, 61603609, 61603090, 61603583, 61604178, 61602671, 61604452, 61603760, 61600470, 61604710, 61601882, 61602895, 61604334, 61603024, 61603124, 61604553, 61599990, 61602954, 61600795, 61602776, 61601669, 61604617, 61602779, 61602912, 61604616, 61603916, 61604092, 61603360, 61604095	2128	51	3517	1.2314425770308122	0.9999999999985596	1.0	1.0
SUPFAM	SSF52833:Thioredoxin-like	37	0.9693476552266178	0.06049393523697804	61601591, 61599602, 61603254, 61603114, 61604643, 61602422, 61604687, 61603552, 61602783, 61603833, 61604109, 61604724, 61603215, 61602424, 61602622, 61603618, 61602507, 61601508, 61601807, 61602380, 61603590, 61604475, 61602395, 61604397, 61604474, 61604033, 61604693, 61601783, 61602730, 61601044, 61602535, 61603526, 61602215, 61601786, 61602633, 61603926, 61601746	2128	50	3517	1.223016917293233	0.999999999999998	1.0	1.0
SUPFAM	SSF51621:Phosphoenolpyruvate/pyruvate domain	11	0.2881844380403458	0.08827677561554945	61601491, 61601915, 61602397, 61602892, 61602178, 61603625, 61599495, 61603812, 61604249, 61604634, 61604074	2128	12	3517	1.51499843358396	1.0	1.0	1.0
