Annotation Cluster 1	Enrichment Score: 0.1460866741570767											
Category	Term	Count	%	PValue	Genes	List Total	Pop Hits	Pop Total	Fold Enrichment	Bonferroni	Benjamini	FDR
GOTERM_CC_DIRECT	GO:0016021~integral component of membrane	9	15	0.528381934494864	SINMEB_6313, SINMEB_5731, SINMEB_5742, SINMEB_5733, SINMEB_6201, SINMEB_6168, SINMEB_6186, SINMEB_6164, SINMEB_6218	14	1152	1971	1.09988839285714	0.988996202354696	1	1
UP_KW_DOMAIN	KW-1133~Transmembrane helix	6	10	0.568967922620124	SINMEB_5733, SINMEB_6201, SINMEB_6168, SINMEB_6186, SINMEB_6164, SINMEB_6218	16	577	1776	1.15424610051993	0.985121883410319	0.94827987103354	0.94827987103354
UP_SEQ_FEATURE	TRANSMEM:Helical	8	13.3333333333333	0.595095463775749	SINMEB_6313, SINMEB_5731, SINMEB_5733, SINMEB_6201, SINMEB_6168, SINMEB_6186, SINMEB_6164, SINMEB_6218	29	1107	4346	1.08301404853129	1	1	1
GOTERM_CC_DIRECT	GO:0005886~plasma membrane	4	6.66666666666667	0.814214957676521	SINMEB_6313, SINMEB_5731, SINMEB_6201, SINMEB_6164	14	606	1971	0.929278642149929	0.999958878923601	1	1
UP_KW_CELLULAR_COMPONENT	KW-0472~Membrane	8	13.3333333333333	0.941041542001824	SINMEB_6313, SINMEB_5731, SINMEB_5733, SINMEB_6201, SINMEB_6168, SINMEB_6186, SINMEB_6164, SINMEB_6218	13	1319	1771	0.826266985478509	0.999987916730392	1	1
UP_KW_DOMAIN	KW-0812~Transmembrane	6	10	0.969414921694463	SINMEB_5731, SINMEB_5733, SINMEB_6168, SINMEB_6186, SINMEB_6164, SINMEB_6218	16	957	1776	0.695924764890282	0.999999973236187	0.969414921694463	0.969414921694463
