Category	Term	Count	%	PValue	Genes	List Total	Pop Hits	Pop Total	Fold Enrichment	Bonferroni	Benjamini	FDR
UP_KW_MOLECULAR_FUNCTION	KW-0695~RNA-directed DNA polymerase	6	20.6896551724138	2.75860604006423E-09	SINMEB_5740	9	6	431	47.8888888888889	1.10344240411564E-08	1.10344241602569E-08	1.10344241602569E-08
UP_KW_MOLECULAR_FUNCTION	KW-0548~Nucleotidyltransferase	6	20.6896551724138	3.51420068192607E-07	SINMEB_5740	9	12	431	23.9444444444444	1.40567953166304E-06	7.02840136385215E-07	7.02840136385215E-07
UP_KW_MOLECULAR_FUNCTION	KW-0808~Transferase	7	24.1379310344828	0.003543845268245	SINMEB_5740, SINMEB_5826	9	106	431	3.16247379454927	0.014100205905876	0.004725127024327	0.004725127024327
												
												
												
Category	Term	Count	%	PValue	Genes	List Total	Pop Hits	Pop Total	Fold Enrichment	Bonferroni	Benjamini	FDR
UP_SEQ_FEATURE	DOMAIN:Reverse transcriptase	6	20.6896551724138	4.88E-09	SINMEB_5740	17	6	916	53.8823529411765	1.02E-07	1.02E-07	1.02E-07
