Category	Term	Count	%	PValue	Genes	List Total	Pop Hits	Pop Total	Fold Enrichment	Bonferroni	Benjamini	FDR
GOTERM_MF_DIRECT	GO:0003735~structural constituent of ribosome	52	0.9030913511635985	0.03589201383701661	SMC01308, SMC01307, SMC01309, SMC03881, SMC01300, SMC01302, SMC01301, SMC01304, SMC01303, SMC00335, SMC01306, SMC01305, SMC01319, SMC01318, SMC03859, SMC00704, SMC03772, SMC01152, SMC03770, SMC01310, SMC01313, SMC03934, SMC01803, SMC01804, SMC01290, SMC01283, SMC01287, SMC02692, SMC01286, SMC01321, SMC03863, SMC01369, SMC01292, SMC01291, SMC01294, SMC01293, SMC01296, SMC04003, SMC01295, SMC02101, SMC01298, SMC03990, SMC00363, SMC04320, SMC01297, SMC00485, SMC01299, SMC00364, SMC00565, SMC00323, SMC00567, SMC00568	3036	53	3453	1.1158923111343126	1.0	1.0	1.0
GOTERM_MF_DIRECT	GO:0050660~flavin adenine dinucleotide binding	40	0.6946856547412296	0.03657119390152326	SMC00977, SMC00914, SMA1935, SM_B21121, SM_B20496, SM_B20993, SM_B20753, SMC00093, SMC01041, SMC02053, SMA0340, SMC00154, SMC03204, SMA1414, SMC02798, SMC00697, SMA2025, SM_B21181, SMC01717, SMC01639, SMC00728, SM_B20984, SMC04390, SM_B20616, SMC00240, SMA2073, SMC01990, SMC03116, SMC01035, SMC02487, SMC01431, SMC02465, SMC01112, SMC04149, SMC00300, SMC01359, SMC00943, SMA1389, SMA1400, SMC02229	3036	40	3453	1.1373517786561265	1.0	1.0	1.0
GOTERM_MF_DIRECT	GO:0019843~rRNA binding	36	0.6252170892671066	0.056357326801487695	SMC01308, SMC01307, SMC01309, SMC01290, SMC04454, SMC02310, SMC03242, SMC01287, SMC01286, SMC01300, SMC02652, SMC01302, SMC01304, SMC01303, SMC01306, SMC01305, SMC01292, SMC01294, SMC01293, SMC01296, SMC01152, SMC01295, SMC01298, SMC03990, SMC03770, SMC01297, SMC03831, SMC00364, SMC00485, SMC01299, SMC00565, SMC00323, SMC01313, SMC00567, SMC01336, SMC00568	3036	36	3453	1.1373517786561262	1.0	1.0	1.0
GOTERM_MF_DIRECT	GO:0000166~nucleotide binding	46	0.798888502952414	0.06375742298996123	SMC01429, SMC00815, SM_B20013, SM_B20353, SMC00719, SM_B21148, SM_B20899, SMC02181, SM_B21109, SMC04253, SMC03161, SMC00372, SMC02870, SMC01163, SMC04133, SMC04018, SMC04139, SMC01146, SMC00375, SMC02179, SMC00696, SMC04138, SMA0228, SMC01169, SMC02912, SMC00947, SM_B21597, SM_B21355, SM_B21539, SMC02481, SMC02063, SMC01571, SMC04400, SMC00781, SMC02122, SMC00166, SMC01214, SMC00622, SMC01656, SMC00588, SMC02846, SMC02469, SMC01237, SMC04449, SMC03812, SMA2313	3036	47	3453	1.1131528046421664	1.0	1.0	1.0
