Category	Term	Count	%	PValue	Genes	List Total	Pop Hits	Pop Total	Fold Enrichment	Bonferroni	Benjamini	FDR
PFAM	PF00118:TCP-1/cpn60 chaperonin family	3	1.4851485148514851	0.009279434121147517	SMC00913, SM_B21566, SMA0744	149	5	4693	18.897986577181204	0.8115218840171426	1.0	1.0
PFAM	PF00009:Elongation factor Tu GTP binding domain	3	1.4851485148514851	0.0530029498801052	SMC01326, SMC00090	149	12	4693	7.874161073825503	0.999941601177947	1.0	1.0
PFAM	PF03143:Elongation factor Tu C-terminal domain	2	0.9900990099009901	0.06208463058951331	SMC01326	149	2	4693	31.496644295302016	0.999989593760517	1.0	1.0
PFAM	PF05138:Phenylacetic acid catabolic protein	2	0.9900990099009901	0.06208463058951331	SM_B21640, SM_B21638	149	2	4693	31.496644295302016	0.999989593760517	1.0	1.0
PFAM	PF00990:GGDEF domain	3	1.4851485148514851	0.07932368332324084	SMC01370, SMC01464, SMC00038	149	15	4693	6.299328859060402	0.999999624034571	1.0	1.0
PFAM	PF07977:FabA-like domain	2	0.9900990099009901	0.09167565055804594	SMC04277, SMC02092	149	3	4693	20.997762863534675	0.9999999664933347	1.0	1.0
PFAM	PF12848:ABC transporter	2	0.9900990099009901	0.09167565055804594	SMC00590, SMC04454	149	3	4693	20.997762863534675	0.9999999664933347	1.0	1.0
