Category	Term	Count	%	PValue	Genes	List Total	Pop Hits	Pop Total	Fold Enrichment	Bonferroni	Benjamini	FDR
SUPFAM	SSF48592:GroEL equatorial domain-like	3	1.4851485148514851	0.011679988353880184	SMC00913, SM_B21566, SMA0744	126	5	3517	16.747619047619047	0.7348891088459806	0.3382100079074602	0.3382100079074602
SUPFAM	SSF52029:GroEL apical domain-like	3	1.4851485148514851	0.011679988353880184	SMC00913, SM_B21566, SMA0744	126	5	3517	16.747619047619047	0.7348891088459806	0.3382100079074602	0.3382100079074602
SUPFAM	SSF54849:GroEL-intermediate domain like	3	1.4851485148514851	0.011679988353880184	SMC00913, SM_B21566, SMA0744	126	5	3517	16.747619047619047	0.7348891088459806	0.3382100079074602	0.3382100079074602
SUPFAM	SSF50447:Translation proteins	4	1.9801980198019802	0.011972035678140184	SMC00475, SMC01326, SMC00090	126	14	3517	7.975056689342404	0.7435966212016472	0.3382100079074602	0.3382100079074602
SUPFAM	SSF50465:EF-Tu/eEF-1alpha/eIF2-gamma C-terminal domain	3	1.4851485148514851	0.0171146889668577	SMC01326, SMC00090	126	6	3517	13.956349206349206	0.8578255847157072	0.3867919706509841	0.3867919706509841
SUPFAM	SSF47090:PGBD-like	3	1.4851485148514851	0.06553221542516788	SMC00060, SMC00150, SMC01374	126	12	3517	6.978174603174603	0.999528187195225	1.0	1.0
