Category	Term	Count	%	PValue	Genes	List Total	Pop Hits	Pop Total	Fold Enrichment	Bonferroni	Benjamini	FDR
GOTERM_MF_DIRECT	GO:0003735~structural constituent of ribosome	15	5.190311418685121	1.3869466128827312E-8	SMC01308, SMC01319, SMC03859, SMC01309, SMC01290, SMC01292, SMC01294, SMC01296, SMC01295, SMC01300, SMC01299, SMC01321, SMC01304, SMC01306, SMC01305	144	53	3453	6.786556603773585	1.6782040053175962E-6	1.6782054015881048E-6	1.6782054015881048E-6
GOTERM_MF_DIRECT	GO:0019843~rRNA binding	12	4.1522491349480966	1.0336093938493834E-7	SMC01308, SMC01292, SMC01294, SMC01309, SMC01296, SMC01295, SMC01300, SMC01299, SMC01304, SMC01306, SMC01290, SMC01305	144	36	3453	7.9930555555555545	1.2506596101191647E-5	6.2533368327887695E-6	6.2533368327887695E-6
GOTERM_MF_DIRECT	GO:0051082~unfolded protein binding	4	1.384083044982699	0.01809314893954729	SM_B21183, SMC00913, SM_B21566, SMA0744	144	14	3453	6.851190476190476	0.8902245769960281	0.7297570072284074	0.7297570072284074
GOTERM_MF_DIRECT	GO:0004129~cytochrome-c oxidase activity	4	1.384083044982699	0.03595396403015058	SMA1220, SM_B21487, SM_B21489, SMC01985	144	18	3453	5.328703703703703	0.9880922266939419	1.0	1.0
GOTERM_MF_DIRECT	GO:0020037~heme binding	6	2.0761245674740483	0.05792602871837488	SMA1232, SMA1220, SMC00086, SMA1216, SMA0766, SMA1213	144	51	3453	2.821078431372549	0.9992683799873315	1.0	1.0
GOTERM_MF_DIRECT	GO:0097266~phenylacetyl-CoA 1,2-epoxidase activity	2	0.6920415224913495	0.08112296929587846	SM_B21639, SM_B21640	144	2	3453	23.979166666666668	0.9999641784098456	1.0	1.0
GOTERM_MF_DIRECT	GO:0070180~large ribosomal subunit rRNA binding	2	0.6920415224913495	0.08112296929587846	SMC01319, SMC01321	144	2	3453	23.979166666666668	0.9999641784098456	1.0	1.0
GOTERM_MF_DIRECT	GO:0003746~translation elongation factor activity	3	1.0380622837370241	0.09857415832608302	SM_B20049, SMC01326	144	13	3453	5.533653846153846	0.9999964800986421	1.0	1.0
