Category	Term	Count	%	PValue	Genes	List Total	Pop Hits	Pop Total	Fold Enrichment	Bonferroni	Benjamini	FDR
UP_KW_MOLECULAR_FUNCTION	KW-0699~rRNA-binding	14	4.844290657439446	3.978799668905576E-9	SMC01308, SMC01319, SMC01309, SMC01290, SMC01292, SMC01294, SMC01296, SMC01295, SMC01300, SMC01299, SMC01321, SMC01304, SMC01306, SMC01305	112	38	2425	7.9769736842105265	1.2732158005679395E-7	1.2732158940497844E-7	1.1936399006716728E-7
UP_KW_MOLECULAR_FUNCTION	KW-0689~Ribosomal protein	15	5.190311418685121	9.040310554889177E-8	SMC01308, SMC01319, SMC03859, SMC01309, SMC01290, SMC01292, SMC01294, SMC01296, SMC01295, SMC01300, SMC01299, SMC01321, SMC01304, SMC01306, SMC01305	112	56	2425	5.799585459183674	2.8928953241802446E-6	9.642997925215122E-7	9.040310554889176E-7
UP_KW_MOLECULAR_FUNCTION	KW-0687~Ribonucleoprotein	15	5.190311418685121	9.040310554889177E-8	SMC01308, SMC01319, SMC03859, SMC01309, SMC01290, SMC01292, SMC01294, SMC01296, SMC01295, SMC01300, SMC01299, SMC01321, SMC01304, SMC01306, SMC01305	112	56	2425	5.799585459183674	2.8928953241802446E-6	9.642997925215122E-7	9.040310554889176E-7
UP_KW_MOLECULAR_FUNCTION	KW-0694~RNA-binding	14	4.844290657439446	1.3198665661314535E-6	SMC01308, SMC01319, SMC01309, SMC01290, SMC01292, SMC01294, SMC01296, SMC01295, SMC01300, SMC01299, SMC01321, SMC01304, SMC01306, SMC01305	112	59	2425	5.137711864406779	4.223486607257687E-5	1.0558932529051628E-5	9.898999245985902E-6
UP_KW_MOLECULAR_FUNCTION	KW-0143~Chaperone	5	1.7301038062283738	0.061218952513262884	SM_B21183, SMC00913, SM_B22023, SM_B21566, SMA0744	112	33	2425	3.2805735930735933	0.867548150994165	0.39180129608488246	0.36731371507957733
