Category	Term	Count	%	PValue	Genes	List Total	Pop Hits	Pop Total	Fold Enrichment	Bonferroni	Benjamini	FDR
PFAM	PF00118:TCP-1/cpn60 chaperonin family	3	1.0380622837370241	0.016916242789333673	SMC00913, SM_B21566, SMA0744	203	5	4693	13.870935960591131	0.9802385074207297	1.0	1.0
PFAM	PF00528:Binding-protein-dependent transport system inner membrane component	13	4.498269896193772	0.0703457191228309	SMC02517, SM_B20571, SM_B20477, SM_B20327, SM_B20326, SMC03062, SMA1363, SMC03063, SMC02830, SMC01498, SMC01497, SMC02872, SMA1437	203	174	4693	1.7272238265103903	0.9999999482465984	1.0	1.0
PFAM	PF03143:Elongation factor Tu C-terminal domain	2	0.6920415224913495	0.08424175310413701	SMC01326	203	2	4693	23.118226600985224	0.9999999983797097	1.0	1.0
PFAM	PF00009:Elongation factor Tu GTP binding domain	3	1.0380622837370241	0.0916408361420343	SM_B20049, SMC01326	203	12	4693	5.779556650246305	0.9999999997492457	1.0	1.0
