Category	Term	Count	%	PValue	Genes	List Total	Pop Hits	Pop Total	Fold Enrichment	Bonferroni	Benjamini	FDR
UP_SEQ_FEATURE	DOMAIN:ABC transmembrane type-1	16	5.536332179930796	0.014332075210980948	SMC02517, SM_B20571, SM_B20477, SM_B20941, SM_B20327, SM_B20326, SMC03062, SMA1363, SM_B20937, SMC03063, SMC00185, SMC02830, SMC01498, SMC01497, SMC02872, SMA1437	189	187	4348	1.9683671448377331	0.9775532147980652	1.0	1.0
UP_SEQ_FEATURE	TRANSMEM:Helical	61	21.10726643598616	0.025094059915635358	SMC00813, SMC02517, SM_B20011, SMC01509, SM_B20571, SMA1691, SMC00053, SMC02830, SMA1216, SMC00059, SMC02872, SMA0766, SMA1179, SMC01985, SMA1213, SMC00988, SMC03939, SM_B20941, SMC03181, SMC02240, SMA1363, SM_B20937, SMA2331, SMC00185, SMC02882, SMC03971, SMC01111, SMC01036, SMC01597, SMC03018, SM_B21487, SM_B21489, SM_B20477, SM_B21205, SM_B21204, SM_B20997, SMC02174, SMC03062, SMA1232, SMA1198, SMC03063, SMC00195, SMC02254, SMC00158, SMA1437, SM_B20071, SMC01723, SMC02507, SM_B20327, SM_B20326, SM_B20725, SMC01180, SMA1780, SMA1220, SMC03794, SMC01498, SMC01497, SMC04204, SMC01851, SMC04406, SMA1301	189	1107	4348	1.2676808955038403	0.9987491810511168	1.0	1.0
UP_SEQ_FEATURE	BINDING:ATP	6	2.0761245674740483	0.046771947058570025	SMC01192, SMA2331, SMC00913, SM_B21566, SMC01288, SMA0744	189	46	4348	3.0006901311249137	0.9999966212013103	1.0	1.0
UP_SEQ_FEATURE	BINDING:ATP; via amide nitrogen	3	1.0380622837370241	0.07913558647612784	SMC00913, SM_B21566, SMA0744	189	11	4348	6.274170274170274	0.9999999996167638	1.0	1.0
