Category	Term	Count	%	PValue	Genes	List Total	Pop Hits	Pop Total	Fold Enrichment	Bonferroni	Benjamini	FDR
SUPFAM	SSF54849:GroEL-intermediate domain like	3	1.0380622837370241	0.018337834839650298	SMC00913, SM_B21566, SMA0744	159	5	3517	13.271698113207545	0.9081445719697183	0.7885268981049628	0.7885268981049628
SUPFAM	SSF48592:GroEL equatorial domain-like	3	1.0380622837370241	0.018337834839650298	SMC00913, SM_B21566, SMA0744	159	5	3517	13.271698113207545	0.9081445719697183	0.7885268981049628	0.7885268981049628
SUPFAM	SSF52029:GroEL apical domain-like	3	1.0380622837370241	0.018337834839650298	SMC00913, SM_B21566, SMA0744	159	5	3517	13.271698113207545	0.9081445719697183	0.7885268981049628	0.7885268981049628
SUPFAM	SSF46626:Cytochrome c	4	1.384083044982699	0.07327612112946752	SMC00086, SMA1216, SMA0766, SMA1213	159	22	3517	4.021726700971985	0.9999454750071883	1.0	1.0
SUPFAM	SSF161098:MetI-like	13	4.498269896193772	0.09179353369876302	SMC02517, SM_B20571, SM_B20477, SM_B20327, SM_B20326, SMC03062, SMA1363, SMC03063, SMC02830, SMC01498, SMC01497, SMC02872, SMA1437	159	175	3517	1.643162623539982	0.9999959652923649	1.0	1.0
