Category	Term	Count	%	PValue	Genes	List Total	Pop Hits	Pop Total	Fold Enrichment	Bonferroni	Benjamini	FDR
INTERPRO	IPR013785:Aldolase-type TIM barrel	66	1.14623133032303	0.077161787587851	SMC00815, SM_B20299, SM_B21300, SM_B20298, SM_B20498, SM_B20850, SM_B20259, SMC02150, SMC04132, SMC01023, SMC01740, SMC01027, SMC02598, SMA0404, SMC01227, SMA1332, SMC00412, SMC03767, SMC01637, SM_B20140, SM_B20617, SM_B20938, SM_B20618, SMA1440, SMC02043, SMC03259, SMC00144, SMC02765, SMC02245, SMC03895, SMC04028, SMC01037, SMC02404, SMC02569, SM_B21192, SMC02767, SMC01407, SM_B20195, SM_B20275, SM_B20199, SM_B21125, SMA2291, SMC02570, SMA1397, SMC01041, SMC02495, SMC01165, SMC02333, SMC03983, SMC00355, SMC00236, SMC00511, SMC02612, SM_B21373, SM_B21570, SMC01815, SMA0814, SM_B20208, SMC03153, SMC03996, SMC00882, SMC03831, SMC04402, SMA0574, SMC02546, SMC01614	4235	70	4890	1.0886827458256	1	1	1
												
												
												
Category	Term	Count	%	PValue	Genes	List Total	Pop Hits	Pop Total	Fold Enrichment	Bonferroni	Benjamini	FDR
SUPFAM	SSF53448:Nucleotide-diphospho-sugar transferases	38	0.659951372004168	0.094437879934175	SM_B20391, SM_B21320, SM_B21066, SMC00519, SM_B21068, SM_B21189, SM_B21324, SM_B21500, SMC04081, SM_B20748, SM_B20806, SM_B20948, SMC00232, SMC01222, SMA0866, SMC03923, SMC02758, SMC02898, SM_B21082, SM_B20460, SM_B21690, SM_B20043, SM_B20563, SM_B21313, SM_B20960, SM_B21416, SM_B20824, SM_B20958, SM_B20957, SM_B21309, SM_B20959, SMC04185, SMC03058, SMC02384, SMC04023, SMC00143, SM_B21190, SMC00865	3053	39	3517	1.12244366617115	1	1	1
